<?xml version="1.0" encoding="UTF-8"?>
<!DOCTYPE mapper PUBLIC "-//mybatis.org//DTD Mapper 3.0//EN" "http://mybatis.org/dtd/mybatis-3-mapper.dtd">
<mapper namespace="com.example.singletablecrud.mapper.UserMapper">

    <resultMap id="BaseResultMap" type="com.example.singletablecrud.entity.User">
        <result column="id" jdbcType="INTEGER" property="id" />
        <result column="userName" jdbcType="VARCHAR" property="userName" />
        <result column="passWord" jdbcType="VARCHAR" property="passWord" />
        <result column="realName" jdbcType="VARCHAR" property="realName" />
    </resultMap>
    <!--查询用户信息-->
    <!--使用project数据库，表为user1-->
    <select id="getUserInfo" parameterType="int" resultType="com.example.singletablecrud.entity.User">
        select * from user1 where id = #{id}
    </select>
    <!--删除用户信息-->
    <delete id="deleteById" parameterType="int">
        delete from user1 where id=#{id}
    </delete>
    <!--返回所有用户信息-->
    <select id="selectAll"  resultType="com.example.singletablecrud.entity.User">
        select * from user1
    </select>
    <!--按照id更新用户信息-->
    <update id="update" parameterType="com.example.singletablecrud.entity.User" >
        update user1 set userName=#{userName},passWord=#{passWord},realName=#{realName} where id=#{id}
    </update>
    <insert id="save" parameterType="com.example.singletablecrud.entity.User">
        insert into user1(userName,passWord,realName) values (#{userName},#{passWord},#{realName})
    </insert>
</mapper>